<decals>
  <decal path="NineCircles/DX3906/squareA">
    <depth value="121296" />
  </decal>

  <decal path="NineCircles/DX3906/squareB">
    <depth value="121296" />
  </decal>

  <decal path="NineCircles/DX3906/squareC">
    <depth value="121296" />
  </decal>

  <decal path="NineCircles/DX3906/slopeRed">
    <animationSpeed value="9" />
  </decal>

  <decal path="NineCircles/DX3906/slopeOrange">
    <animationSpeed value="9" />
  </decal>

  <decal path="NineCircles/DX3906/slopeYellow">
    <animationSpeed value="9" />
  </decal>

  <decal path="NineCircles/DX3906/sawBigA">
    <animationSpeed value="9" />
  </decal>
</decals>